Serial No.,College Name,Location,URL
501,M.S. Ramaiah University of Applied Sciences - [MSRUAS],Bangalore,https://collegedunia.com/university/54840-ms-ramaiah-university-of-applied-sciences-msruas-bangalore
502,Swami Rama Himalayan University - [SRHU],Dehradun,https://collegedunia.com/university/55153-swami-rama-himalayan-university-srhu-dehradun
503,Srinivas University,Mangalore,https://collegedunia.com/university/55863-srinivas-university-mangalore
504,East West College of Engineering - [EWCE],Bangalore,https://collegedunia.com/college/56384-east-west-college-of-engineering-ewce-bangalore
505,Global Group of Institutes,Amritsar,https://collegedunia.com/college/57397-global-group-of-institutes-amritsar
506,Priyadarshini College of Engineering - [PCE],Nagpur,https://collegedunia.com/college/57623-priyadarshini-college-of-engineering-pce-nagpur
507,Jeppiaar Institute of Technology - [JIT],Sriperumbudur,https://collegedunia.com/college/57752-jeppiaar-institute-of-technology-jit-sriperumbudur
508,Seacom Skills University - [SSU],Birbhum,https://collegedunia.com/university/58101-seacom-skills-university-ssu-birbhum
509,SRM University,Amaravathi,https://collegedunia.com/university/58597-srm-university-amaravathi
510,University of Technology - [UOT],Jaipur,https://collegedunia.com/university/59175-university-of-technology-uot-jaipur
511,CT University - [CTU],Ludhiana,https://collegedunia.com/university/59329-ct-university-ctu-ludhiana
512,Malla Reddy College of Engineering for Women - [MRCEW],Hyderabad,https://collegedunia.com/college/59695-malla-reddy-college-of-engineering-for-women-mrcew-hyderabad
513,Adichunchanagiri University - [ACU],Mandya,https://collegedunia.com/university/59802-adichunchanagiri-university-acu-mandya
514,Bhabha University - [BU],Bhopal,https://collegedunia.com/university/59912-bhabha-university-bu-bhopal
515,Sant Baba Bhag Singh University - [SBBSU],Jalandhar,https://collegedunia.com/university/60171-sant-baba-bhag-singh-university-sbbsu-jalandhar
516,Shivajirao Kadam Group of Colleges,Indore,https://collegedunia.com/college/45009-shivajirao-kadam-group-of-colleges-indore
517,Rai University - [RU],Ahmedabad,https://collegedunia.com/university/25506-rai-university-ru-ahmedabad
518,Shri Krishna University - [SKU],Chhatarpur,https://collegedunia.com/university/59927-shri-krishna-university-sku-chhatarpur
519,Anand Institute of Higher Technology - [AIHT],Chennai,https://collegedunia.com/college/12815-anand-institute-of-higher-technology-aiht-chennai
520,Arunai Engineering College - [AEC],Tiruvannamalai,https://collegedunia.com/college/12874-arunai-engineering-college-aec-tiruvannamalai
521,Bharati Vidyapeeth College of Engineering - [BVCOE],Kolhapur,https://collegedunia.com/college/13060-bharati-vidyapeeth-college-of-engineering-bvcoe-kolhapur
522,DMI College of Engineering - [DMICE],Chennai,https://collegedunia.com/college/13295-dmi-college-of-engineering-dmice-chennai
523,Dayananda Sagar Academy of Technology and Management - [DSATM],Bangalore,https://collegedunia.com/college/13315-dayananda-sagar-academy-of-technology-and-management-dsatm-bangalore
524,Dhole Patil College of Engineering - [DPCOE],Pune,https://collegedunia.com/college/13351-dhole-patil-college-of-engineering-dpcoe-pune
525,Don Bosco Institute of Technology - [DBIT],Bangalore,https://collegedunia.com/college/13359-don-bosco-institute-of-technology-dbit-bangalore
526,Dronacharya Group of Institutions - [DGI],Greater Noida,https://collegedunia.com/college/13413-dronacharya-group-of-institutions-dgi-greater-noida
527,Gandhinagar Institute of Technology - [GIT],Gandhinagar,https://collegedunia.com/college/13534-gandhinagar-institute-of-technology-git-gandhinagar
528,HMR Institute of Technology & Management - [HMRITM],New Delhi,https://collegedunia.com/college/13691-hmr-institute-of-technology-and-management-hmritm-new-delhi
529,Indore Institute of Science and Technology - [IIST],Indore,https://collegedunia.com/college/13806-indore-institute-of-science-and-technology-iist-indore
530,KSR College of Engineering,Namakkal,https://collegedunia.com/college/13947-ksr-college-of-engineering-namakkal
531,Loyola Institute of Technology - [LIT],Chennai,https://collegedunia.com/college/14111-loyola-institute-of-technology-lit-chennai
532,Lucknow Institute of Technology - [LIT],Lucknow,https://collegedunia.com/college/14115-lucknow-institute-of-technology-lit-lucknow
533,Madha Engineering College,Chennai,https://collegedunia.com/college/14173-madha-engineering-college-chennai
534,Maharaj Vijayaram Gajapathi Raj College of Engineering - [MVGRCE],Vizianagaram,https://collegedunia.com/college/14188-maharaj-vijayaram-gajapathi-raj-college-of-engineering-mvgrce-vizianagaram
535,Manav Rachna University - [MRU],Faridabad,https://collegedunia.com/university/14252-manav-rachna-university-mru-faridabad
536,Orissa Engineering College - [OEC],Bhubaneswar,https://collegedunia.com/college/14535-orissa-engineering-college-oec-bhubaneswar
537,RD Engineering College,Ghaziabad,https://collegedunia.com/college/14642-rd-engineering-college-ghaziabad
538,Sri Indu Institute of Engineering & Technology - [SIIET],Hyderabad,https://collegedunia.com/college/14678-sri-indu-institute-of-engineering-and-technology-siiet-hyderabad
539,Rajalakshmi Institute of Technology - [RIT],Chennai,https://collegedunia.com/college/14707-rajalakshmi-institute-of-technology-rit-chennai
540,Rajasthan Institute of Engineering and Technology - [RIET],Jaipur,https://collegedunia.com/college/14719-rajasthan-institute-of-engineering-and-technology-riet-jaipur
541,Rajshree Institute of Management and Technology - [RIMT],Bareilly,https://collegedunia.com/college/14738-rajshree-institute-of-management-and-technology-rimt-bareilly
542,SSM College of Engineering - [SSMCE],Namakkal,https://collegedunia.com/college/14864-ssm-college-of-engineering-ssmce-namakkal
543,Sam College of Engineering and Technology - [SAMCET],Bhopal,https://collegedunia.com/college/14906-sam-college-of-engineering-and-technology-samcet-bhopal
544,Sanghvi Institute of Management and Science - [SIMS],Indore,https://collegedunia.com/college/14918-sanghvi-institute-of-management-and-science-sims-indore
545,Sarvajanik College of Engineering and Technology - [SCET],Surat,https://collegedunia.com/college/14954-sarvajanik-college-of-engineering-and-technology-scet-surat
546,Seacom Engineering College,Howrah,https://collegedunia.com/college/14984-seacom-engineering-college-howrah
547,Seth Jai Parkash Mukand Lal Institute of Engineering and Technology - [JMIT],Yamuna Nagar,https://collegedunia.com/college/14995-seth-jai-parkash-mukand-lal-institute-of-engineering-and-technology-jmit-yamuna-nagar
548,Shah and Anchor Kutchhi Engineering College - [SAKEC],Mumbai,https://collegedunia.com/college/15003-shah-and-anchor-kutchhi-engineering-college-sakec-mumbai
549,Sri Indu College of Engineering and Technology - [SICET] Ibrahimpatnam,Hyderabad,https://collegedunia.com/college/15216-sri-indu-college-of-engineering-and-technology-sicet-ibrahimpatnam-hyderabad
550,Sri Krishna Institute of Technology - [SKIT],Bangalore,https://collegedunia.com/college/15226-sri-krishna-institute-of-technology-skit-bangalore
551,Sriram Engineering College - [SEC],Thiruvallur,https://collegedunia.com/college/15306-sriram-engineering-college-sec-thiruvallur
552,St. Thomas College of Engineering and Technology- [STC],Chengannur,https://collegedunia.com/college/15330-st-thomas-college-of-engineering-and-technology-stc-chengannur
553,Swami Vivekananda Institute of Science and Technology - [SVIST],Kolkata,https://collegedunia.com/college/15395-swami-vivekananda-institute-of-science-and-technology-svist-kolkata
554,Techno International New Town - [TINT],Kolkata,https://collegedunia.com/college/15440-techno-international-new-town-tint-kolkata
555,Theem College of Engineering - [TCOE],Palghar,https://collegedunia.com/college/15472-theem-college-of-engineering-tcoe-palghar
556,Xavier Institute of Engineering - [XIE],Mumbai,https://collegedunia.com/college/15523-xavier-institute-of-engineering-xie-mumbai
557,Velammal Institute of Technology - [VI-Tech],Thiruvallur,https://collegedunia.com/college/19149-velammal-institute-of-technology-vitech-thiruvallur
558,Vignan's Institute of Information Technology - [VIIT],Visakhapatnam,https://collegedunia.com/college/19177-vignans-institute-of-information-technology-viit-visakhapatnam
559,Knowledge Institute of Technology - [KIOT],Salem,https://collegedunia.com/college/24148-knowledge-institute-of-technology-kiot-salem
560,Vasireddy Venkatadri Institute of Technology - [VVIT],Guntur,https://collegedunia.com/college/24581-vasireddy-venkatadri-institute-of-technology-vvit-guntur
561,Sushant University,Gurgaon,https://collegedunia.com/university/25517-sushant-university-gurgaon
562,William Carey University - [WCU],Shillong,https://collegedunia.com/university/25747-william-carey-university-wcu-shillong
563,Career Point University - [CPU],Kota,https://collegedunia.com/university/25801-career-point-university-cpu-kota
564,SRMIST Delhi NCR Campus,Ghaziabad,https://collegedunia.com/university/25967-srmist-delhi-ncr-campus-ghaziabad
565,"Chhotubhai Gopalbhai Patel Institute of Technology, Uka Tarsadia University - [CGPIT]",Bardoli,https://collegedunia.com/college/28491-chhotubhai-gopalbhai-patel-institute-of-technology-uka-tarsadia-university-cgpit-bardoli
566,K.S. School of Engineering and Management- [KSSEM],Bangalore,https://collegedunia.com/college/28623-ks-school-of-engineering-and-management-kssem-bangalore
567,Vivekananda Institute of Technology - [VIT],Jaipur,https://collegedunia.com/college/28920-vivekananda-institute-of-technology-vit-jaipur
568,PERI Institute of Technology - [PERIT],Chennai,https://collegedunia.com/college/45505-peri-institute-of-technology-perit-chennai
569,Vidya Pratishthan's Kamalnayan Bajaj Institute of Engineering and Technology - [VPKBIET] Baramati,Pune,https://collegedunia.com/college/45844-vidya-pratishthans-kamalnayan-bajaj-institute-of-engineering-and-technology-vpkbiet-baramati-pune
570,Adhiparasakthi College of Engineering Arcot - [APCE],Vellore,https://collegedunia.com/college/55403-adhiparasakthi-college-of-engineering-arcot-apce-vellore
571,SRM Institute of Science and Technology Ramapuram Campus,Chennai,https://collegedunia.com/university/56189-srm-institute-of-science-and-technology-ramapuram-campus-chennai
572,St. Andrews Institute of Technology and Management - [SAITM],Gurgaon,https://collegedunia.com/college/56243-st-andrews-institute-of-technology-and-management-saitm-gurgaon
573,CMR Technical Campus - [CMRTC],Hyderabad,https://collegedunia.com/college/56929-cmr-technical-campus-cmrtc-hyderabad
574,"SRM, Institute of Technology",Lucknow,https://collegedunia.com/college/57215-srm-institute-of-technology-lucknow
575,"University College of Engineering, JNTUK",Vizianagaram,https://collegedunia.com/college/57519-university-college-of-engineering-jntuk-vizianagaram
576,St.Joseph's Institute of Technology - [SJIT],Chennai,https://collegedunia.com/college/57754-stjosephs-institute-of-technology-sjit-chennai
577,Ramco Institute of Technology - [RIT],Rajapalayam,https://collegedunia.com/college/57763-ramco-institute-of-technology-rit-rajapalayam
578,ITM Vocational University - [ITMVU],Vadodara,https://collegedunia.com/university/57898-itm-vocational-university-itmvu-vadodara
579,"Greater Noida Institute of Technology, IPU - [GNIT]",Greater Noida,https://collegedunia.com/college/59827-greater-noida-institute-of-technology-ipu-gnit-greater-noida
580,Netaji Subhas University - [NSU],Jamshedpur,https://collegedunia.com/university/59945-netaji-subhas-university-nsu-jamshedpur
581,Greater Noida Institute of Technology (Engineering Institute),Greater Noida,https://collegedunia.com/college/60354-greater-noida-institute-of-technology-engineering-institute-greater-noida
582,Arunodaya University,Itanagar,https://collegedunia.com/university/60390-arunodaya-university-itanagar
583,Shri Guru Ram Rai University - [SGRRU],Dehradun,https://collegedunia.com/university/60398-shri-guru-ram-rai-university-sgrru-dehradun
584,JSS Academy of Technical Education - [JSSATE],Bangalore,https://collegedunia.com/college/55794-jss-academy-of-technical-education-jssate-bangalore
585,SDM College of Engineering and Technology - [SDMCET],Dharwad,https://collegedunia.com/college/14820-sdm-college-of-engineering-and-technology-sdmcet-dharwad
586,Jagdishprasad Jhabarmal Tibrewala University - [JJTU],Jhunjhunu,https://collegedunia.com/university/25816-jagdishprasad-jhabarmal-tibrewala-university-jjtu-jhunjhunu
587,Jawaharlal Nehru Engineering College - [JNEC],Aurangabad,https://collegedunia.com/college/5605-jawaharlal-nehru-engineering-college-jnec-aurangabad
588,Mohamed Sathak Engineering College - [MSEC],Ramanathapuram,https://collegedunia.com/college/5634-mohamed-sathak-engineering-college-msec-ramanathapuram
589,AVS Engineering College - [AVSEC],Salem,https://collegedunia.com/college/12692-avs-engineering-college-avsec-salem
590,Ahmedabad Institute of Technology,Ahmedabad,https://collegedunia.com/college/12747-ahmedabad-institute-of-technology-ahmedabad
591,Amritsar College of Engineering and Technology - [ACET],Amritsar,https://collegedunia.com/college/12810-amritsar-college-of-engineering-and-technology-acet-amritsar
592,Anand International College of Engineering,Jaipur,https://collegedunia.com/college/12816-anand-international-college-of-engineering-jaipur
593,M H Saboo Siddik College of Engineering - [MHSSCOE],Mumbai,https://collegedunia.com/college/12831-m-h-saboo-siddik-college-of-engineering-mhsscoe-mumbai
594,Aurangabad College of Engineering - [ACE],Aurangabad,https://collegedunia.com/college/12912-aurangabad-college-of-engineering-ace-aurangabad
595,Drs. Kiran and Pallavi Patel Global University,Vadodara,https://collegedunia.com/university/12964-drs-kiran-and-pallavi-patel-global-university-vadodara
596,Cambridge Institute of Technology - [CIT],Ranchi,https://collegedunia.com/college/13154-cambridge-institute-of-technology-cit-ranchi
597,Coimbatore Institute of Engineering and Technology - [CIET],Coimbatore,https://collegedunia.com/college/13233-coimbatore-institute-of-engineering-and-technology-ciet-coimbatore
598,College of Engineering Thalassery,Kannur,https://collegedunia.com/college/13240-college-of-engineering-thalassery-kannur
599,D. Y. Patil College of Engineering,Pune,https://collegedunia.com/college/13376-d-y-patil-college-of-engineering-pune
600,Dr. Sudhir Chandra Sur Institute of Technology & Sports Complex - [SURTECH],Kolkata,https://collegedunia.com/college/13406-dr-sudhir-chandra-sur-institute-of-technology-and-sports-complex-surtech-kolkata
601,East Point Group of Institutions - [EPGI],Bangalore,https://collegedunia.com/college/13428-east-point-group-of-institutions-epgi-bangalore
602,GITA Autonomous College - [GITA College],Bhubaneswar,https://collegedunia.com/college/13527-gita-autonomous-college-gita-college-bhubaneswar
603,Global Institute of Technology - [GIT],Jaipur,https://collegedunia.com/college/13561-global-institute-of-technology-git-jaipur
604,Godavari Global University - [GGU],East Godavari,https://collegedunia.com/college/13568-godavari-global-university-ggu-east-godavari
605,Guru Nanak Dev Engineering College - [GNDEC],Ludhiana,https://collegedunia.com/college/13655-guru-nanak-dev-engineering-college-gndec-ludhiana
606,IFET College of Engineering - [IFET],Villupuram,https://collegedunia.com/college/13769-ifet-college-of-engineering-ifet-villupuram
607,KMCT College of Engineering,Kozhikode,https://collegedunia.com/college/13932-kmct-college-of-engineering-kozhikode
608,KPR Institute of Engineering & Technology - [KPRIET],Coimbatore,https://collegedunia.com/college/13939-kpr-institute-of-engineering-and-technology-kpriet-coimbatore
609,Kathir College of Engineering,Coimbatore,https://collegedunia.com/college/13991-kathir-college-of-engineering-coimbatore
610,Lakireddy Bali Reddy College of Engineering - [LBRCE],Krishna,https://collegedunia.com/college/14074-lakireddy-bali-reddy-college-of-engineering-lbrce-krishna
611,MEA Engineering College- [MEAEC],Malappuram,https://collegedunia.com/college/14128-mea-engineering-college-meaec-malappuram
612,M. Kumarasamy College of Engineering - [MKCE],Karur,https://collegedunia.com/college/14144-m-kumarasamy-college-of-engineering-mkce-karur
613,Mahaveer Institute of Science and Technology- [MIST],Hyderabad,https://collegedunia.com/college/14221-mahaveer-institute-of-science-and-technology-mist-hyderabad
614,Mailam Engineering College,Villupuram,https://collegedunia.com/college/14231-mailam-engineering-college-villupuram
615,Manakula Vinayagar Institute of Technology - [MVIT],Pondicherry,https://collegedunia.com/college/14251-manakula-vinayagar-institute-of-technology-mvit-pondicherry
616,Marthandam College of Engineering and Technology - [MACET],Kanyakumari,https://collegedunia.com/college/14291-marthandam-college-of-engineering-and-technology-macet-kanyakumari
617,PA College of Engineering - [PACE],Mangalore,https://collegedunia.com/college/14543-pa-college-of-engineering-pace-mangalore
618,Rajagiri School of Engineering & Technology - [RSET],Kochi,https://collegedunia.com/college/14704-rajagiri-school-of-engineering-and-technology-rset-kochi
619,Sahrdaya College of Engineering - [SCE] Kodakara,Thrissur,https://collegedunia.com/college/14893-sahrdaya-college-of-engineering-sce-kodakara-thrissur
620,Sanjivani College of Engineering,Ahmednagar,https://collegedunia.com/college/14923-sanjivani-college-of-engineering-ahmednagar
621,Saroj Mohan Institute of Technology - [SMIT],Hooghly,https://collegedunia.com/college/14952-saroj-mohan-institute-of-technology-smit-hooghly
622,Seemanta Engineering College,Mayurbhanj,https://collegedunia.com/college/14987-seemanta-engineering-college-mayurbhanj
623,Sengunthar Engineering College,Namakkal,https://collegedunia.com/college/14993-sengunthar-engineering-college-namakkal
624,Shivani Engineering College - [SEC],Tiruchirappalli,https://collegedunia.com/college/15040-shivani-engineering-college-sec-tiruchirappalli
625,Sri Venkateshwara College of Engineering - [SVCE],Bangalore,https://collegedunia.com/college/15279-sri-venkateshwara-college-of-engineering-svce-bangalore
626,Swami Vivekananda Institute of Technology - [SVIT],Secunderabad,https://collegedunia.com/college/15397-swami-vivekananda-institute-of-technology-svit-secunderabad
627,TKR College of Engineering and Technology - [TKRCET],Hyderabad,https://collegedunia.com/college/15421-tkr-college-of-engineering-and-technology-tkrcet-hyderabad
628,Trinity College of Engineering,Thiruvananthapuram,https://collegedunia.com/college/15490-trinity-college-of-engineering-thiruvananthapuram
629,APS College of Engineering - [APS],Bangalore,https://collegedunia.com/college/23754-aps-college-of-engineering-aps-bangalore
630,College of Engineering - [COER],Roorkee,https://collegedunia.com/college/23950-college-of-engineering-coer-roorkee
631,Park College of Engineering and Technology - [PCET],Coimbatore,https://collegedunia.com/college/24346-park-college-of-engineering-and-technology-pcet-coimbatore
632,"University Institute of Information Technology, Himachal Pradesh University - [UIIT]",Shimla,https://collegedunia.com/college/24554-university-institute-of-information-technology-himachal-pradesh-university-uiit-shimla
633,GD Goenka University - [GDGU],Gurgaon,https://collegedunia.com/university/25526-gd-goenka-university-gdgu-gurgaon
634,NIILM University,Kaithal,https://collegedunia.com/university/25541-niilm-university-kaithal
635,IEC University Baddi - [ICEU],Solan,https://collegedunia.com/university/25558-iec-university-baddi-iceu-solan
636,ITM (SLS) Baroda University,Vadodara,https://collegedunia.com/university/28411-itm-sls-baroda-university-vadodara
637,ISL Engineering College - [ISLEC],Hyderabad,https://collegedunia.com/college/28433-isl-engineering-college-islec-hyderabad
638,Trident Academy of Technology,Bhubaneswar,https://collegedunia.com/college/28850-trident-academy-of-technology-bhubaneswar
639,Maulana Azad University,Jodhpur,https://collegedunia.com/university/54835-maulana-azad-university-jodhpur
640,Himalayan University - [HU],Itanagar,https://collegedunia.com/university/54848-himalayan-university-hu-itanagar
641,People's University,Bhopal,https://collegedunia.com/university/55099-peoples-university-bhopal
642,Amrita School of Engineering - [ASE],Bangalore,https://collegedunia.com/college/55147-amrita-school-of-engineering-ase-bangalore
643,Ganga Group of Institutions - [GGI],New Delhi,https://collegedunia.com/college/55921-ganga-group-of-institutions-ggi-new-delhi
644,RajaRajeswari College of Engineering - [RRCE],Bangalore,https://collegedunia.com/college/56090-rajarajeswari-college-of-engineering-rrce-bangalore
645,Sri Manakula Vinayagar Engineering College - [SVMEC],Pondicherry,https://collegedunia.com/college/56782-sri-manakula-vinayagar-engineering-college-svmec-pondicherry
646,International Institute of Technology and Management - [IITM],Sonepat,https://collegedunia.com/college/56864-international-institute-of-technology-and-management-iitm-sonepat
647,Shobhit University,Gangoh,https://collegedunia.com/university/56988-shobhit-university-gangoh
648,Maharishi University of Information Technology - [MUIT],Lucknow,https://collegedunia.com/university/57422-maharishi-university-of-information-technology-muit-lucknow
649,Vidya Knowledge Park - [VKP],Meerut,https://collegedunia.com/college/58026-vidya-knowledge-park-vkp-meerut
650,Jaypee University Anoopshahr,Bulandshahr,https://collegedunia.com/university/59028-jaypee-university-anoopshahr-bulandshahr
651,St.Joseph University,Dimapur,https://collegedunia.com/university/59420-stjoseph-university-dimapur
652,Rishihood University,Sonepat,https://collegedunia.com/university/59480-rishihood-university-sonepat
653,Sarala Birla University - [SBU],Ranchi,https://collegedunia.com/university/59485-sarala-birla-university-sbu-ranchi
654,Radha Govind University - [RGU],Ramgarh,https://collegedunia.com/university/59951-radha-govind-university-rgu-ramgarh
655,Kavikulguru Institute of Technology and Science - [KITS],Nagpur,https://collegedunia.com/college/5609-kavikulguru-institute-of-technology-and-science-kits-nagpur
656,Stanley College of Engineering and Technology for Women - [SCETW],Hyderabad,https://collegedunia.com/college/6969-stanley-college-of-engineering-and-technology-for-women-scetw-hyderabad
657,Aditya Institute of Technology and Management -[AITAM] Tekkali,Srikakulam,https://collegedunia.com/college/12734-aditya-institute-of-technology-and-management-aitam-tekkali-srikakulam
658,Anand Engineering College - [AEC],Agra,https://collegedunia.com/college/12814-anand-engineering-college-aec-agra
659,Andhra Loyola Institute of Engineering - [ALIET],Vijayawada,https://collegedunia.com/college/12819-andhra-loyola-institute-of-engineering-aliet-vijayawada
660,Baba Banda Singh Bahadur Engineering College - [BBSBEC],Fatehgarh Sahib,https://collegedunia.com/college/12957-baba-banda-singh-bahadur-engineering-college-bbsbec-fatehgarh-sahib
661,Bangalore College of Engineering and Technology-[BCET],Bangalore,https://collegedunia.com/college/12988-bangalore-college-of-engineering-and-technologybcet-bangalore
662,Bankura Unnayani Institute of Engineering - [BUIE],Bankura,https://collegedunia.com/college/12990-bankura-unnayani-institute-of-engineering-buie-bankura
663,Chadalawada Ramanamma Engineering College - [CREC],Tirupati,https://collegedunia.com/college/13188-chadalawada-ramanamma-engineering-college-crec-tirupati
664,Chettinad College of Engineering and Technology - [CCET],Karur,https://collegedunia.com/college/13212-chettinad-college-of-engineering-and-technology-ccet-karur
665,"College of Engineering And Management, Kolaghat",Medinipur,https://collegedunia.com/college/13257-college-of-engineering-and-management-kolaghat-medinipur
666,DAV Institute of Engineering and Technology - [DAVIET],Jalandhar,https://collegedunia.com/college/13288-dav-institute-of-engineering-and-technology-daviet-jalandhar
667,Dhanalakshmi Srinivasan Engineering College - [DSEC],Perambalur,https://collegedunia.com/college/13346-dhanalakshmi-srinivasan-engineering-college-dsec-perambalur
668,Ellenki College of Engineering and Technology - [ECET],Hyderabad,https://collegedunia.com/college/13440-ellenki-college-of-engineering-and-technology-ecet-hyderabad
669,GKM College of Engineering and Technology - [GKMCET],Chennai,https://collegedunia.com/college/13503-gkm-college-of-engineering-and-technology-gkmcet-chennai
670,G L Bajaj Institute of Technology and Management,Greater Noida,https://collegedunia.com/college/13536-g-l-bajaj-institute-of-technology-and-management-greater-noida
671,Karpagam Institute of Technology,Coimbatore,https://collegedunia.com/college/13986-karpagam-institute-of-technology-coimbatore
672,Kongunadu College of Engineering and Technology - [KNCET],Tiruchirappalli,https://collegedunia.com/college/14025-kongunadu-college-of-engineering-and-technology-kncet-tiruchirappalli
673,MBM Engineering College - [MBM],Jodhpur,https://collegedunia.com/college/14122-mbm-engineering-college-mbm-jodhpur
674,Mookambigai College of Engineering,Pudukkottai,https://collegedunia.com/college/14363-mookambigai-college-of-engineering-pudukkottai
675,Ponjesly College of Engineering - [PCE],Nagercoil,https://collegedunia.com/college/14569-ponjesly-college-of-engineering-pce-nagercoil
676,Rajadhani Institute of Engineering and Technology - [RIET] Attinga,Thiruvananthapuram,https://collegedunia.com/college/14703-rajadhani-institute-of-engineering-and-technology-riet-attinga-thiruvananthapuram
677,Ramachandra College of Engineering - [RCE],Eluru,https://collegedunia.com/college/14746-ramachandra-college-of-engineering-rce-eluru
678,Roorkee Institute of Technology - [RIT],Roorkee,https://collegedunia.com/college/14789-roorkee-institute-of-technology-rit-roorkee
679,SCMS School of Engineering and Technology [SSET],Ernakulam,https://collegedunia.com/college/14814-scms-school-of-engineering-and-technology-sset-ernakulam
680,SIES Graduate School of Technology - [SIES-GST],Navi Mumbai,https://collegedunia.com/college/14825-sies-graduate-school-of-technology-siesgst-navi-mumbai
681,SKN Sinhgad Institute of Technology and Science -[SKNSITS] Lonavala,Pune,https://collegedunia.com/college/14828-skn-sinhgad-institute-of-technology-and-science-sknsits-lonavala-pune
682,Sapthagiri NPS University,Bangalore,https://collegedunia.com/university/14932-sapthagiri-nps-university-bangalore
683,Saroj Institute of Technology and Management - [SITM],Lucknow,https://collegedunia.com/college/14951-saroj-institute-of-technology-and-management-sitm-lucknow
684,Sasurie College of Engineering - [SCE],Tiruppur,https://collegedunia.com/college/14958-sasurie-college-of-engineering-sce-tiruppur
685,Selvam College of Technology - [SCT],Namakkal,https://collegedunia.com/college/14990-selvam-college-of-technology-sct-namakkal
686,Shivalik College of Engineering - [SCE],Dehradun,https://collegedunia.com/college/15038-shivalik-college-of-engineering-sce-dehradun
687,Silver Oak College of Engineering and Technology - [SOCET],Ahmedabad,https://collegedunia.com/college/15138-silver-oak-college-of-engineering-and-technology-socet-ahmedabad
688,Sinhgad College of Engineering - [SCOE] Vadgaon Ambegaon,Pune,https://collegedunia.com/college/15143-sinhgad-college-of-engineering-scoe-vadgaon-ambegaon-pune
689,Sree Buddha College of Engineering Pattoor - [SBCE],Alappuzha,https://collegedunia.com/college/15184-sree-buddha-college-of-engineering-pattoor-sbce-alappuzha
690,Sree Narayana Gurukulam College of Engineering - [SNGCE],Ernakulam,https://collegedunia.com/college/15191-sree-narayana-gurukulam-college-of-engineering-sngce-ernakulam
691,Sree Sastha Institute of Engineering and Technology,Chennai,https://collegedunia.com/college/15195-sree-sastha-institute-of-engineering-and-technology-chennai
692,Sri Siddhartha Institute of Technology - [SSIT],Tumkur,https://collegedunia.com/university/15267-sri-siddhartha-institute-of-technology-ssit-tumkur
693,Tamilnadu College of Engineering - [TNCE],Coimbatore,https://collegedunia.com/college/15433-tamilnadu-college-of-engineering-tnce-coimbatore
694,Thangavelu Engineering College,Chennai,https://collegedunia.com/college/15457-thangavelu-engineering-college-chennai
695,Hyderabad Institute of Technology and Management - [HITAM],Hyderabad,https://collegedunia.com/college/17798-hyderabad-institute-of-technology-and-management-hitam-hyderabad
696,Vemu Institute of Technology - [VEMU],Chittoor,https://collegedunia.com/college/19152-vemu-institute-of-technology-vemu-chittoor
697,Kalaignar karunanidhi Institute of Technology - [KIT],Coimbatore,https://collegedunia.com/college/24141-kalaignar-karunanidhi-institute-of-technology-kit-coimbatore
698,Patel College of Science and Technology - [PCST],Bhopal,https://collegedunia.com/college/24351-patel-college-of-science-and-technology-pcst-bhopal
699,Career Point University - [CPU],Hamirpur,https://collegedunia.com/university/25550-career-point-university-cpu-hamirpur
700,Sri Sai University - [SSU],Palampur,https://collegedunia.com/university/25566-sri-sai-university-ssu-palampur
701,Sri Guru Granth Sahib World University - [SGGSWU],Fatehgarh Sahib,https://collegedunia.com/university/25794-sri-guru-granth-sahib-world-university-sggswu-fatehgarh-sahib
702,Sir Padampat Singhania University - [SPSU],Udaipur,https://collegedunia.com/university/25847-sir-padampat-singhania-university-spsu-udaipur
703,Vinayaka Missions University - [VMU],Salem,https://collegedunia.com/university/25913-vinayaka-missions-university-vmu-salem
704,Jyothy Institute of Technology - [JIT],Bangalore,https://collegedunia.com/college/28516-jyothy-institute-of-technology-jit-bangalore
705,College of Engineering Perumon,Kollam,https://collegedunia.com/college/28522-college-of-engineering-perumon-kollam
706,Sreyas Institute of Engineering and Technology - [SIET],Hyderabad,https://collegedunia.com/college/28557-sreyas-institute-of-engineering-and-technology-siet-hyderabad
707,Delhi Institute of Tool Engineering - [DITE],New Delhi,https://collegedunia.com/college/28570-delhi-institute-of-tool-engineering-dite-new-delhi
708,K. C. College of Engineering And Management Studies And Research,Thane,https://collegedunia.com/college/28620-k-c-college-of-engineering-and-management-studies-and-research-thane
709,Vi Institute of Technology - [VIIT],Kanchipuram,https://collegedunia.com/college/28889-vi-institute-of-technology-viit-kanchipuram
710,Birla Institute of Technology Extension Centre - [BIT],Deoghar,https://collegedunia.com/college/28942-birla-institute-of-technology-extension-centre-bit-deoghar
711,A. P. Shah Institute of Technology - [APSIT],Thane,https://collegedunia.com/college/45639-a-p-shah-institute-of-technology-apsit-thane
712,Vidyavardhini's College of Engineering and Technology - [VCET],Palghar,https://collegedunia.com/college/45852-vidyavardhinis-college-of-engineering-and-technology-vcet-palghar
713,Vimal Jyothi Engineering College - [VJEC],Kannur,https://collegedunia.com/college/45858-vimal-jyothi-engineering-college-vjec-kannur
714,K. Ramakrishnan College of Engineering -[KRCE],Tiruchirappalli,https://collegedunia.com/college/55451-k-ramakrishnan-college-of-engineering-krce-tiruchirappalli
715,Ganga Technical Campus - [GTC],Bahadurgarh,https://collegedunia.com/college/55777-ganga-technical-campus-gtc-bahadurgarh
716,Pratap University - [PU],Jaipur,https://collegedunia.com/university/56463-pratap-university-pu-jaipur
717,Girijananda Chowdhury Institute of Management & Technology - [GIMT],Guwahati,https://collegedunia.com/college/56799-girijananda-chowdhury-institute-of-management-and-technology-gimt-guwahati
718,"GIET Engineering College, Rajahmundhry",East Godavari,https://collegedunia.com/college/57114-giet-engineering-college-rajahmundhry-east-godavari
719,"GIET College of Engineering, Rajahmundhry",East Godavari,https://collegedunia.com/college/57118-giet-college-of-engineering-rajahmundhry-east-godavari
720,Babu Banarasi Das Northern India Institute of Technology - [BBDNIIT],Lucknow,https://collegedunia.com/college/57416-babu-banarasi-das-northern-india-institute-of-technology-bbdniit-lucknow
721,Narsimha Reddy Engineering College - [NRCM],Secunderabad,https://collegedunia.com/college/57604-narsimha-reddy-engineering-college-nrcm-secunderabad
722,KGISL Institute of Technology - [KITE],Coimbatore,https://collegedunia.com/college/57690-kgisl-institute-of-technology-kite-coimbatore
723,Jai Parkash Mukand Lal Innovative Engineering & Technology Institute - [JMIETI],Yamuna Nagar,https://collegedunia.com/college/57996-jai-parkash-mukand-lal-innovative-engineering-and-technology-institute-jmieti-yamuna-nagar
724,SAL College of Engineering - [SCE],Ahmedabad,https://collegedunia.com/college/58907-sal-college-of-engineering-sce-ahmedabad
725,OP Jindal University - [OPJU],Raigarh,https://collegedunia.com/university/58956-op-jindal-university-opju-raigarh
726,Rajkiya Engineering College - [REC],Sonbhadra,https://collegedunia.com/college/59595-rajkiya-engineering-college-rec-sonbhadra
727,Gopal Narayan Singh University - [GNSU],Sasaram,https://collegedunia.com/university/59917-gopal-narayan-singh-university-gnsu-sasaram
728,Shyam University,Dausa,https://collegedunia.com/university/59954-shyam-university-dausa
729,KIPM College of Engineering and Technology - [KIPM],Gorakhpur,https://collegedunia.com/college/14014-kipm-college-of-engineering-and-technology-kipm-gorakhpur
730,Chalapathi Institute of Engineering and Technology - [CIET],Guntur,https://collegedunia.com/college/13195-chalapathi-institute-of-engineering-and-technology-ciet-guntur
731,KKR & KSR Institute of Technology and Sciences - [KITS],Guntur,https://collegedunia.com/college/28565-kkr-and-ksr-institute-of-technology-and-sciences-kits-guntur
732,Kallam Haranadhareddy Institute of Technology - [KHIT],Guntur,https://collegedunia.com/college/58471-kallam-haranadhareddy-institute-of-technology-khit-guntur
733,Vikrant University,Gwalior,https://collegedunia.com/university/60838-vikrant-university-gwalior
734,JIS University,Kolkata,https://collegedunia.com/university/57400-jis-university-kolkata
735,Renaissance University - [RU],Indore,https://collegedunia.com/university/60382-renaissance-university-ru-indore
736,OmDayal Group of Institutions,Kolkata,https://collegedunia.com/college/5643-omdayal-group-of-institutions-kolkata
737,A.V.C College of Engineering - [AVCCE],Nagapattinam,https://collegedunia.com/college/12687-avc-college-of-engineering-avcce-nagapattinam
738,AWH Engineering College,Calicut,https://collegedunia.com/college/12693-awh-engineering-college-calicut
739,Aarupadai Veedu Institute of Technology - [AVIT],Kanchipuram,https://collegedunia.com/college/12697-aarupadai-veedu-institute-of-technology-avit-kanchipuram
740,Abacus Institute of Engineering and Management,Hooghly,https://collegedunia.com/college/12698-abacus-institute-of-engineering-and-management-hooghly
741,Akshaya College of Engineering and Technology-[ACET],Coimbatore,https://collegedunia.com/college/12759-akshaya-college-of-engineering-and-technologyacet-coimbatore
742,Al Ameen Engineering College,Erode,https://collegedunia.com/college/12763-al-ameen-engineering-college-erode
743,Rajadhani Institute of Science and Technology - [RIST],Palakkad,https://collegedunia.com/college/12804-rajadhani-institute-of-science-and-technology-rist-palakkad
744,Amrutvahini College of Engineering - [AVCOE],Ahmednagar,https://collegedunia.com/college/12812-amrutvahini-college-of-engineering-avcoe-ahmednagar
745,Arasu Engineering College - [AEC],Kumbakonam,https://collegedunia.com/college/12861-arasu-engineering-college-aec-kumbakonam
746,Arya College of Engineering and IT - [ACEIT],Jaipur,https://collegedunia.com/college/12878-arya-college-of-engineering-and-it-aceit-jaipur
747,Bapuji Institute of Engineering and Technology - [BIET],Davanagere,https://collegedunia.com/college/13000-bapuji-institute-of-engineering-and-technology-biet-davanagere
748,Cape Institute of Technology - [CAPE],Tirunelveli,https://collegedunia.com/college/13161-cape-institute-of-technology-cape-tirunelveli
749,Dhanalakshmi College of Engineering - [DCE],Chennai,https://collegedunia.com/college/13344-dhanalakshmi-college-of-engineering-dce-chennai
750,Dhirajlal Gandhi College of Technology,Salem,https://collegedunia.com/college/13350-dhirajlal-gandhi-college-of-technology-salem
751,Dronacharya College of Engineering - [DCE],Gurgaon,https://collegedunia.com/college/13414-dronacharya-college-of-engineering-dce-gurgaon
752,EGS Pillay Engineering College,Nagapattinam,https://collegedunia.com/college/13422-egs-pillay-engineering-college-nagapattinam
753,Einstein College of Engineering,Tirunelveli,https://collegedunia.com/college/13436-einstein-college-of-engineering-tirunelveli
754,Eswar College of Engineering,Narasaraopet,https://collegedunia.com/college/13452-eswar-college-of-engineering-narasaraopet
755,G Narayanamma Institute of Technology and Science - [GNITS],Hyderabad,https://collegedunia.com/college/13479-g-narayanamma-institute-of-technology-and-science-gnits-hyderabad
756,Ghousia College of Engineering - [GCE],Ramanagar,https://collegedunia.com/college/13553-ghousia-college-of-engineering-gce-ramanagar
757,Global Institute of Engineering and Technology - [GIT],Vellore,https://collegedunia.com/college/13558-global-institute-of-engineering-and-technology-git-vellore
758,Gopalan College of Engineering and Management - [GCEM],Bangalore,https://collegedunia.com/college/13580-gopalan-college-of-engineering-and-management-gcem-bangalore
759,Green Hills Engineering College,Solan,https://collegedunia.com/college/13638-green-hills-engineering-college-solan
760,Hasmukh Goswami College of Engineering - [HGCE],Ahmedabad,https://collegedunia.com/college/13702-hasmukh-goswami-college-of-engineering-hgce-ahmedabad
761,Hindusthan Institute of Technology - [HITECH],Coimbatore,https://collegedunia.com/college/13728-hindusthan-institute-of-technology-hitech-coimbatore
762,Institute of Engineering and Technology - [IETR],Alwar,https://collegedunia.com/college/13842-institute-of-engineering-and-technology-ietr-alwar
763,KG Reddy College of Engineering and Technology - [KGRCET],Hyderabad,https://collegedunia.com/college/13911-kg-reddy-college-of-engineering-and-technology-kgrcet-hyderabad
764,KLN College of Information Technology - [KLNCIT],Sivaganga,https://collegedunia.com/college/13927-kln-college-of-information-technology-klncit-sivaganga
765,KNS Institute of Technology - [KNSIT],Bangalore,https://collegedunia.com/college/13936-kns-institute-of-technology-knsit-bangalore
766,KCC Institute of Technology and Management - [KCCITM],Greater Noida,https://collegedunia.com/college/13996-kcc-institute-of-technology-and-management-kccitm-greater-noida
767,Lakhmi Chand Institute of Technology - [LCIT],Bilaspur,https://collegedunia.com/college/14073-lakhmi-chand-institute-of-technology-lcit-bilaspur
768,Lendi Institute of Engineering and Technology,Vizianagaram,https://collegedunia.com/college/14097-lendi-institute-of-engineering-and-technology-vizianagaram
769,M.A.M College of Engineering - [MAMCE],Tiruchirappalli,https://collegedunia.com/college/14119-mam-college-of-engineering-mamce-tiruchirappalli
770,Marri Laxman Reddy Institute of Technology & Management - [MLRITM],Hyderabad,https://collegedunia.com/college/14146-marri-laxman-reddy-institute-of-technology-and-management-mlritm-hyderabad
771,Maharaja Institute of Technology - [MIT],Mysore,https://collegedunia.com/college/14197-maharaja-institute-of-technology-mit-mysore
772,Maharana Pratap Engineering College - [MPEC],Kanpur,https://collegedunia.com/college/14201-maharana-pratap-engineering-college-mpec-kanpur
773,Malla Reddy College of Engineering and Technology- [MRCET],Hyderabad,https://collegedunia.com/college/14240-malla-reddy-college-of-engineering-and-technology-mrcet-hyderabad
774,Malla Reddy Institute of Technology - [MRIT],Secunderabad,https://collegedunia.com/college/14244-malla-reddy-institute-of-technology-mrit-secunderabad
775,Mallabhum Institute of Technology - [MIT],Bishnupur,https://collegedunia.com/college/14246-mallabhum-institute-of-technology-mit-bishnupur
776,Malwa Institute of Science and Technology - [MIST],Indore,https://collegedunia.com/college/14249-malwa-institute-of-science-and-technology-mist-indore
777,Mewat Engineering College - [MECW],Mewat,https://collegedunia.com/college/14331-mewat-engineering-college-mecw-mewat
778,Nagpur Institute of Technology - [NIT],Nagpur,https://collegedunia.com/college/14412-nagpur-institute-of-technology-nit-nagpur
779,P.B. College of Engineering - [PBCE],Chennai,https://collegedunia.com/college/14547-pb-college-of-engineering-pbce-chennai
780,Progressive Education Society's Modern College of Engineering - [MCOE],Pune,https://collegedunia.com/college/14558-progressive-education-societys-modern-college-of-engineering-mcoe-pune
781,Raghu Institute of Technology - [RIT],Visakhapatnam,https://collegedunia.com/college/14692-raghu-institute-of-technology-rit-visakhapatnam
782,Rajiv Gandhi College of Engineering and Technology,Pondicherry,https://collegedunia.com/college/14730-rajiv-gandhi-college-of-engineering-and-technology-pondicherry
783,Reva Institute of Technology and Management - [RITM],Bangalore,https://collegedunia.com/college/14774-reva-institute-of-technology-and-management-ritm-bangalore
784,SKP Engineering College,Tiruvannamalai,https://collegedunia.com/college/14829-skp-engineering-college-tiruvannamalai
785,"Scient Institute of Technology, Ibrahimpatnam",Hyderabad,https://collegedunia.com/college/14981-scient-institute-of-technology-ibrahimpatnam-hyderabad
786,Shree Swami Atmanand Saraswati Institute of Technology - [SSASIT],Surat,https://collegedunia.com/college/15062-shree-swami-atmanand-saraswati-institute-of-technology-ssasit-surat
787,St Xaviers Catholic College of Engineering - [SXCCE],Nagercoil,https://collegedunia.com/college/15335-st-xaviers-catholic-college-of-engineering-sxcce-nagercoil
788,Surya Engineering College,Erode,https://collegedunia.com/college/15371-surya-engineering-college-erode
789,T John Institute of Technology - [TJIT],Bangalore,https://collegedunia.com/college/15413-t-john-institute-of-technology-tjit-bangalore
790,Technocrats Institute of Technology - [TIT],Bhopal,https://collegedunia.com/college/15442-technocrats-institute-of-technology-tit-bhopal
791,Teegala Krishna Reddy Engineering College,Hyderabad,https://collegedunia.com/college/15444-teegala-krishna-reddy-engineering-college-hyderabad
792,Toc H Institute of Science and Technology - [TIST],Ernakulam,https://collegedunia.com/college/15481-toc-h-institute-of-science-and-technology-tist-ernakulam
793,Walchand Institute of Technology - [WIT],Solapur,https://collegedunia.com/college/15514-walchand-institute-of-technology-wit-solapur
794,Truba College of Science and Technology - [TCST],Bhopal,https://collegedunia.com/college/16982-truba-college-of-science-and-technology-tcst-bhopal
795,Jain College of Engineering - [JCE],Belgaum,https://collegedunia.com/college/18171-jain-college-of-engineering-jce-belgaum
796,M.A.M. College of Engineering and Technology - [MAMCET],Tiruchirappalli,https://collegedunia.com/college/18361-mam-college-of-engineering-and-technology-mamcet-tiruchirappalli
797,Velammal College of Engineering and Technology - [VCET],Madurai,https://collegedunia.com/college/19147-velammal-college-of-engineering-and-technology-vcet-madurai
798,Vignan Institute of Technology And Management,Berhampur,https://collegedunia.com/college/19174-vignan-institute-of-technology-and-management-berhampur
799,Mangalmay Institute of Engineering and Technology - [MIET],Greater Noida,https://collegedunia.com/college/21440-mangalmay-institute-of-engineering-and-technology-miet-greater-noida
800,Jansons Institute of Technology - [JIT],Coimbatore,https://collegedunia.com/college/24128-jansons-institute-of-technology-jit-coimbatore
801,United Institute of Technology - [UIT],Coimbatore,https://collegedunia.com/college/24546-united-institute-of-technology-uit-coimbatore
802,Vidya Academy of Science and Technology - [VAST],Thrissur,https://collegedunia.com/college/24591-vidya-academy-of-science-and-technology-vast-thrissur
803,Viswajyothi College of Engineering and Technology - [VJCET],Ernakulam,https://collegedunia.com/college/24621-viswajyothi-college-of-engineering-and-technology-vjcet-ernakulam
804,ICFAI Foundation for Higher Education - [IFHE],Hyderabad,https://collegedunia.com/university/25355-icfai-foundation-for-higher-education-ifhe-hyderabad
805,ICFAI University,Raipur,https://collegedunia.com/university/25432-icfai-university-raipur
806,AP Goyal Shimla University,Shimla,https://collegedunia.com/university/25546-ap-goyal-shimla-university-shimla
807,Mohammad Ali Jauhar University,Rampur,https://collegedunia.com/university/25959-mohammad-ali-jauhar-university-rampur
808,PCTE Group of Institutes,Ludhiana,https://collegedunia.com/college/27965-pcte-group-of-institutes-ludhiana
809,Dayananda Sagar Institutions - [DSI],Bangalore,https://collegedunia.com/college/28096-dayananda-sagar-institutions-dsi-bangalore
810,Bangalore Technological Institute - [BTI],Bangalore,https://collegedunia.com/college/28434-bangalore-technological-institute-bti-bangalore
811,A. C. Patil College of Engineering - [ACPCE],Navi Mumbai,https://collegedunia.com/college/28453-a-c-patil-college-of-engineering-acpce-navi-mumbai
812,Vasantdada Patil Pratishtan's College of Engineering & Visual Arts,Mumbai,https://collegedunia.com/college/28736-vasantdada-patil-pratishtans-college-of-engineering-and-visual-arts-mumbai
813,PPG Institute of Technology - [PPGIT],Coimbatore,https://collegedunia.com/college/28803-ppg-institute-of-technology-ppgit-coimbatore
814,Vadodara Institute of Engineering,Vadodara,https://collegedunia.com/college/28877-vadodara-institute-of-engineering-vadodara
815,JD College of Engineering and Management,Nagpur,https://collegedunia.com/college/45256-jd-college-of-engineering-and-management-nagpur
816,Shree L. R. Tiwari College of Engineering - [SLRTCE],Thane,https://collegedunia.com/college/45785-shree-l-r-tiwari-college-of-engineering-slrtce-thane
817,Apex Professional University - [APU],Pasighat,https://collegedunia.com/university/54843-apex-professional-university-apu-pasighat
818,Haridwar University,Roorkee,https://collegedunia.com/university/55109-haridwar-university-roorkee
819,Providence College of Engineering,Chengannur,https://collegedunia.com/college/55347-providence-college-of-engineering-chengannur
820,Dr. NGP Institute of Technology,Coimbatore,https://collegedunia.com/college/55499-dr-ngp-institute-of-technology-coimbatore
821,Gwalior Engineering College - [GEC],Gwalior,https://collegedunia.com/college/56850-gwalior-engineering-college-gec-gwalior
822,United Group of Institutions - [UGI],Allahabad,https://collegedunia.com/college/56911-united-group-of-institutions-ugi-allahabad
823,Sarvepalli Radhakrishnan University - [SRK],Bhopal,https://collegedunia.com/university/56922-sarvepalli-radhakrishnan-university-srk-bhopal
824,Ajeenkya DY Patil University - [ADYPU],Pune,https://collegedunia.com/university/56991-ajeenkya-dy-patil-university-adypu-pune
825,H.V.P.Mandal's College of Engineering & Technology,Amravati,https://collegedunia.com/college/58156-hvpmandals-college-of-engineering-and-technology-amravati
826,"Faculty of Engineering Sciences & Technology, Adani University - [FEST]",Ahmedabad,https://collegedunia.com/college/58503-faculty-of-engineering-sciences-and-technology-adani-university-fest-ahmedabad
827,IAMR Group of Institutions - [IAMR],Ghaziabad,https://collegedunia.com/college/59696-iamr-group-of-institutions-iamr-ghaziabad
828,Amritsar Group of Colleges - [AGC],Amritsar,https://collegedunia.com/college/59714-amritsar-group-of-colleges-agc-amritsar
829,Gokul Global University - [GGU],Sidhpur,https://collegedunia.com/university/59936-gokul-global-university-ggu-sidhpur
830,Jawahar Engineering College,Chennai,https://collegedunia.com/college/55678-jawahar-engineering-college-chennai
831,World College of Technology and Management - [WCTM],Gurgaon,https://collegedunia.com/college/19257-world-college-of-technology-and-management-wctm-gurgaon
832,Adhi College of Engineering and Technology - [ACET],Kanchipuram,https://collegedunia.com/college/12725-adhi-college-of-engineering-and-technology-acet-kanchipuram
833,Adichunchanagiri Institute of Technology- [AIT],Chikmagalur,https://collegedunia.com/college/12729-adichunchanagiri-institute-of-technology-ait-chikmagalur
834,Aligarh College of Engineering and Technology - [ACET],Aligarh,https://collegedunia.com/college/12778-aligarh-college-of-engineering-and-technology-acet-aligarh
835,Allenhouse Institute of Technology,Kanpur,https://collegedunia.com/college/12784-allenhouse-institute-of-technology-kanpur
836,Amrita School of Engineering - [ASE],Coimbatore,https://collegedunia.com/college/12809-amrita-school-of-engineering-ase-coimbatore
837,Anjalai Ammal Mahalingam Engineering College - [AAMEC],Thiruvarur,https://collegedunia.com/college/12826-anjalai-ammal-mahalingam-engineering-college-aamec-thiruvarur
838,CSI College of Engineering - [CSICE],The Nilgiris,https://collegedunia.com/college/13138-csi-college-of-engineering-csice-the-nilgiris
839,Channabasaveshwara Institute of Technology - [CIT],Tumkur,https://collegedunia.com/college/13201-channabasaveshwara-institute-of-technology-cit-tumkur
840,Chirala Engineering College - [CEC],Chirala,https://collegedunia.com/college/13220-chirala-engineering-college-cec-chirala
841,EASA College of Engineering and Technology - [ECET],Coimbatore,https://collegedunia.com/college/13421-easa-college-of-engineering-and-technology-ecet-coimbatore
842,GM University,Davanagere,https://collegedunia.com/university/13507-gm-university-davanagere
843,Gates Institute of Technology-[GIT],Anantapur,https://collegedunia.com/college/13540-gates-institute-of-technologygit-anantapur
844,Geeta Engineering College - [GEC],Panipat,https://collegedunia.com/college/13546-geeta-engineering-college-gec-panipat
845,Gharda Institute of Technology-[GIT],Ratnagiri,https://collegedunia.com/college/13552-gharda-institute-of-technologygit-ratnagiri
846,Hooghly Engineering and Technology College - [HETC],Hooghly,https://collegedunia.com/college/13737-hooghly-engineering-and-technology-college-hetc-hooghly
847,Institute of Engineering & Technology,Ropar,https://collegedunia.com/college/13749-institute-of-engineering-and-technology-ropar
848,Info Institute of Engineering - [IIE],Coimbatore,https://collegedunia.com/college/13818-info-institute-of-engineering-iie-coimbatore
849,Jawaharlal Nehru National College of Engineering - [JNNCE],Shimoga,https://collegedunia.com/college/13863-jawaharlal-nehru-national-college-of-engineering-jnnce-shimoga
850,KMEA Engineering College - [KMEA EC],Aluva,https://collegedunia.com/college/13934-kmea-engineering-college-kmea-ec-aluva
851,Kalpataru Institute of Technology - [KIT],Tiptur,https://collegedunia.com/college/13963-kalpataru-institute-of-technology-kit-tiptur
852,Karpaga Vinayaga College of Engineering and Technology - [KVCET],Chennai,https://collegedunia.com/college/13984-karpaga-vinayaga-college-of-engineering-and-technology-kvcet-chennai
853,Konkan Gyanpeeth College of Engineering - [KGCE],Karjat,https://collegedunia.com/college/14027-konkan-gyanpeeth-college-of-engineering-kgce-karjat
854,Krupajal Engineering College - [KEC],Bhubaneswar,https://collegedunia.com/college/14047-krupajal-engineering-college-kec-bhubaneswar
855,LDRP Institute of Technology and Research - [LDRPITR],Gandhinagar,https://collegedunia.com/college/14066-ldrp-institute-of-technology-and-research-ldrpitr-gandhinagar
856,L.J. Institute of Engineering and Technology - [LJIET],Ahmedabad,https://collegedunia.com/college/14067-lj-institute-of-engineering-and-technology-ljiet-ahmedabad
857,Malwa Institute of Technology - [MIT],Indore,https://collegedunia.com/college/14250-malwa-institute-of-technology-mit-indore
858,Mangalore Institute of Technology and Engineering - [MITE],Mangalore,https://collegedunia.com/college/14263-mangalore-institute-of-technology-and-engineering-mite-mangalore
859,Modern Education Society's Wadia College of Engineering - [MESWCOE],Pune,https://collegedunia.com/college/14347-modern-education-societys-wadia-college-of-engineering-meswcoe-pune
860,Modern Institute of Engineering and Technology - [MIET],Hooghly,https://collegedunia.com/college/14349-modern-institute-of-engineering-and-technology-miet-hooghly
861,Neotia Institute of Technology Management and Science - [NITMAS],Kolkata,https://collegedunia.com/college/14477-neotia-institute-of-technology-management-and-science-nitmas-kolkata
862,Prakasam Engineering College - [PEC],Prakasam,https://collegedunia.com/college/14582-prakasam-engineering-college-pec-prakasam
863,Prince Shri Venkateshwara Padmavathy Engineering College - [PSVPEC],Chennai,https://collegedunia.com/college/14600-prince-shri-venkateshwara-padmavathy-engineering-college-psvpec-chennai
864,QIS College of Engineering and Technology - [QISCET],Ongole,https://collegedunia.com/college/14635-qis-college-of-engineering-and-technology-qiscet-ongole
865,RK College of Engineering - [RKCE],Vijayawada,https://collegedunia.com/college/14648-rk-college-of-engineering-rkce-vijayawada
866,Rajiv Gandhi Institute of Technology - [RGIT],Mumbai,https://collegedunia.com/college/14734-rajiv-gandhi-institute-of-technology-rgit-mumbai
867,SVS College of Engineering - [SVSCE],Coimbatore,https://collegedunia.com/college/14876-svs-college-of-engineering-svsce-coimbatore
868,Sasi Institute of Technology & Engineering - [SITE],Tadepalligudem,https://collegedunia.com/college/14956-sasi-institute-of-technology-and-engineering-site-tadepalligudem
869,Shivajirao S Jondhale College of Engineering - [SSJCE],Thane,https://collegedunia.com/college/15037-shivajirao-s-jondhale-college-of-engineering-ssjce-thane
870,Shree Devi Institute of Technology - [SDIT],Mangalore,https://collegedunia.com/college/15049-shree-devi-institute-of-technology-sdit-mangalore
871,Sinhgad Academy of Engineering - [SAE] Kondhawa,Pune,https://collegedunia.com/college/15142-sinhgad-academy-of-engineering-sae-kondhawa-pune
872,Sir Visvesvaraya Institute Of Technology - [SVIT] Chincholi,Nashik,https://collegedunia.com/college/15153-sir-visvesvaraya-institute-of-technology-svit-chincholi-nashik
873,Sree Dattha Institute of Engineering and Science - [SDES],Rangareddy,https://collegedunia.com/college/15210-sree-dattha-institute-of-engineering-and-science-sdes-rangareddy
874,Sri Vijaya Vittala Institute of Technology- [VVIT],Bangalore,https://collegedunia.com/college/15291-sri-vijaya-vittala-institute-of-technology-vvit-bangalore
875,St Joseph Engineering College - [SJEC],Mangalore,https://collegedunia.com/college/15312-st-joseph-engineering-college-sjec-mangalore
876,Swami Vivekanand College of Engineering - [SVCE],Indore,https://collegedunia.com/college/15390-swami-vivekanand-college-of-engineering-svce-indore
877,Syed Ammal Engineering college,Ramanathapuram,https://collegedunia.com/college/15407-syed-ammal-engineering-college-ramanathapuram
878,Tripura Institute of Technology,Agartala,https://collegedunia.com/college/15494-tripura-institute-of-technology-agartala
879,Yagyavalkya Institute of Technology - [YIT],Jaipur,https://collegedunia.com/college/15504-yagyavalkya-institute-of-technology-yit-jaipur
880,Gojan School of Business and Technology - [GSBT],Chennai,https://collegedunia.com/college/17710-gojan-school-of-business-and-technology-gsbt-chennai
881,CMR Institute of Technology - [CMRIT],Hyderabad,https://collegedunia.com/college/23900-cmr-institute-of-technology-cmrit-hyderabad
882,PET Engineering College,Tirunelveli,https://collegedunia.com/college/24301-pet-engineering-college-tirunelveli
883,Patel College of Science and Technology - [PCST],Indore,https://collegedunia.com/college/24352-patel-college-of-science-and-technology-pcst-indore
884,Usha Mittal Institute of Technology - [UMIT],Mumbai,https://collegedunia.com/college/24558-usha-mittal-institute-of-technology-umit-mumbai
885,Vaageswari College of Engineering,Karimnagar,https://collegedunia.com/college/24576-vaageswari-college-of-engineering-karimnagar
886,Vishveshwarya Group of Institutions - [VGI],Greater Noida,https://collegedunia.com/college/24614-vishveshwarya-group-of-institutions-vgi-greater-noida
887,NIIT University - [NU],Neemrana,https://collegedunia.com/university/25835-niit-university-nu-neemrana
888,CT Group of Institutions,Jalandhar,https://collegedunia.com/college/28059-ct-group-of-institutions-jalandhar
889,ABMSP's Anantrao Pawar College of Engineering & Research - [APCOER],Pune,https://collegedunia.com/college/28345-abmsps-anantrao-pawar-college-of-engineering-and-research-apcoer-pune
890,Institute of Technology & Management - [ITM],Aligarh,https://collegedunia.com/college/28409-institute-of-technology-and-management-itm-aligarh
891,JCT College of Engineering and Technology,Coimbatore,https://collegedunia.com/college/28471-jct-college-of-engineering-and-technology-coimbatore
892,JIMS Engineering Management Technical Campus- [JEMTEC],Greater Noida,https://collegedunia.com/college/28501-jims-engineering-management-technical-campus-jemtec-greater-noida
893,Dhanalakshmi Srinivasan College of Engineering - [DSCE],Coimbatore,https://collegedunia.com/college/28577-dhanalakshmi-srinivasan-college-of-engineering-dsce-coimbatore
894,Vaigai College of Engineering- [VCE],Madurai,https://collegedunia.com/college/45820-vaigai-college-of-engineering-vce-madurai
895,Jagannath University,Bahadurgarh,https://collegedunia.com/university/54842-jagannath-university-bahadurgarh
896,Bhopal Institute of Technology & Science - [BITS],Bhopal,https://collegedunia.com/college/56468-bhopal-institute-of-technology-and-science-bits-bhopal
897,St.Mary's Engineering College - [SMEC],Hyderabad,https://collegedunia.com/college/57316-stmarys-engineering-college-smec-hyderabad
898,Maharishi University of Information Technology -[MUIT],Noida,https://collegedunia.com/university/57433-maharishi-university-of-information-technology-muit-noida
899,Meerut Institute of Technology - [MIT],Meerut,https://collegedunia.com/college/57434-meerut-institute-of-technology-mit-meerut
900,Institute of Technology and Management - [ITM],Gorakhpur,https://collegedunia.com/college/57485-institute-of-technology-and-management-itm-gorakhpur
901,VSB College of Engineering Technical Campus,Coimbatore,https://collegedunia.com/college/57731-vsb-college-of-engineering-technical-campus-coimbatore
902,Guru Nanak Institutions Technical Campus - [GNITC],Hyderabad,https://collegedunia.com/college/58159-guru-nanak-institutions-technical-campus-gnitc-hyderabad
903,Bineswar Brahma Engineering College- [BBEC],Kokrajhar,https://collegedunia.com/college/58468-bineswar-brahma-engineering-college-bbec-kokrajhar
904,Rawal Institutions,Faridabad,https://collegedunia.com/college/59357-rawal-institutions-faridabad
905,Madhyanchal Professional University - [MPU],Bhopal,https://collegedunia.com/university/59411-madhyanchal-professional-university-mpu-bhopal
906,Yenepoya Institute of Technology - [YIT],Mangalore,https://collegedunia.com/college/59508-yenepoya-institute-of-technology-yit-mangalore
907,Sapkal Knowledge Hub - [SKH],Nashik,https://collegedunia.com/college/60327-sapkal-knowledge-hub-skh-nashik
908,International School of Engineering - [INSOFE],Bangalore,https://collegedunia.com/college/60371-international-school-of-engineering-insofe-bangalore
909,Shikshapeeth College of Management and Technology - [SCMT],New Delhi,https://collegedunia.com/college/18759-shikshapeeth-college-of-management-and-technology-scmt-new-delhi
910,Thakur Institute of Aviation Technology - [TIAT],Mumbai,https://collegedunia.com/college/7239-thakur-institute-of-aviation-technology-tiat-mumbai
911,BFIT Group of Institutions - [BFIT],Dehradun,https://collegedunia.com/college/7854-bfit-group-of-institutions-bfit-dehradun
912,"AVN Institute of Engineering and Technology - [AVNIET], Ibrahimpatnam",Hyderabad,https://collegedunia.com/college/12688-avn-institute-of-engineering-and-technology-avniet-ibrahimpatnam-hyderabad
913,Amrita Sai Institute of Science and Technology - [ASIST],Krishna,https://collegedunia.com/college/12808-amrita-sai-institute-of-science-and-technology-asist-krishna
914,Arya College of Engineering,Jaipur,https://collegedunia.com/college/12879-arya-college-of-engineering-jaipur
915,Bahubali College of Engineering - [BCE],Hassan,https://collegedunia.com/college/12976-bahubali-college-of-engineering-bce-hassan
916,Bearys Institute of Technology-[BIT],Mangalore,https://collegedunia.com/college/13010-bearys-institute-of-technologybit-mangalore
917,Bharat Institute of Technology - [BIT],Meerut,https://collegedunia.com/college/13047-bharat-institute-of-technology-bit-meerut
918,Bharati Vidyapeeth College of Engineering - [BVCOE] Navi Mumbai,Mumbai,https://collegedunia.com/college/13058-bharati-vidyapeeth-college-of-engineering-bvcoe-navi-mumbai-mumbai
919,Christ College of Engineering and Technology,Pondicherry,https://collegedunia.com/college/13224-christ-college-of-engineering-and-technology-pondicherry
920,Coorg Institute of Technology - [CIT],Kodagu,https://collegedunia.com/college/13277-coorg-institute-of-technology-cit-kodagu
921,Dr. Sivanthi Aditanar College of engineering - [SACOE],Tiruchendur,https://collegedunia.com/college/13404-dr-sivanthi-aditanar-college-of-engineering-sacoe-tiruchendur
922,G. Pullaiah College of Engineering and Technology - [GPCET],Kurnool,https://collegedunia.com/college/13481-g-pullaiah-college-of-engineering-and-technology-gpcet-kurnool
923,GSSS Institute of Engineering and Technology for Women - [GSSSIETW],Mysore,https://collegedunia.com/college/13516-gsss-institute-of-engineering-and-technology-for-women-gsssietw-mysore
924,Genba Sopanrao Moze College of Engineering Balewadi,Pune,https://collegedunia.com/college/13549-genba-sopanrao-moze-college-of-engineering-balewadi-pune
925,Guru Nanak Dev Engineering College - [GNDEC ],Bidar,https://collegedunia.com/college/13656-guru-nanak-dev-engineering-college-gndec-bidar
926,Haryana Engineering College - [HEC],Yamuna Nagar,https://collegedunia.com/college/13700-haryana-engineering-college-hec-yamuna-nagar
927,Holy Mary Institute of Technology and Science -[HITS],Hyderabad,https://collegedunia.com/college/13734-holy-mary-institute-of-technology-and-science-hits-hyderabad
928,ITS Engineering College,Greater Noida,https://collegedunia.com/college/13761-its-engineering-college-greater-noida
929,ILM College of Engineering and Technology - [ILMCET],Ernakulam,https://collegedunia.com/college/13774-ilm-college-of-engineering-and-technology-ilmcet-ernakulam
930,Indira College of Engineering & Management - [ICEM],Pune,https://collegedunia.com/college/13797-indira-college-of-engineering-and-management-icem-pune
931,Indra Ganesan College of Engineering - [IGCENG],Tiruchirappalli,https://collegedunia.com/college/13808-indra-ganesan-college-of-engineering-igceng-tiruchirappalli
932,K Ramakrishnan College of Technology - [KRCT],Tiruchirappalli,https://collegedunia.com/college/13896-k-ramakrishnan-college-of-technology-krct-tiruchirappalli
933,Kalam Institute of Technology - [KIT],Ganjam,https://collegedunia.com/college/13959-kalam-institute-of-technology-kit-ganjam
934,Kandula Sreenivasa Reddy Memorial College of Engineering - [KSRMCE],Kadapa,https://collegedunia.com/college/13976-kandula-sreenivasa-reddy-memorial-college-of-engineering-ksrmce-kadapa
935,Karavali Institute of Technology - [KIT],Mangalore,https://collegedunia.com/college/13980-karavali-institute-of-technology-kit-mangalore
936,L.B.S. College of Engineering - [LBSCEK],Kasaragod,https://collegedunia.com/college/14060-lbs-college-of-engineering-lbscek-kasaragod
937,Latha Mathavan Engineering College - [LMEC],Madurai,https://collegedunia.com/college/14088-latha-mathavan-engineering-college-lmec-madurai
938,Manipur Institute of Technology - [MIT],Imphal,https://collegedunia.com/college/14266-manipur-institute-of-technology-mit-imphal
939,Modern Institute of Technology and Research Centre -[MITRC],Alwar,https://collegedunia.com/college/14351-modern-institute-of-technology-and-research-centre-mitrc-alwar
940,Mohandas College of Engineering and Technology - [MCET],Thiruvananthapuram,https://collegedunia.com/college/14358-mohandas-college-of-engineering-and-technology-mcet-thiruvananthapuram
941,Narayana Engineering College - [NEC],Nellore,https://collegedunia.com/college/14431-narayana-engineering-college-nec-nellore
942,Netaji Subhash Engineering College - [NSEC],Kolkata,https://collegedunia.com/college/14481-netaji-subhash-engineering-college-nsec-kolkata
943,R.M.K. College of Engineering and Technology - [RMKCET],Thiruvallur,https://collegedunia.com/college/14659-rmk-college-of-engineering-and-technology-rmkcet-thiruvallur
944,RITEE Group of Institutions,Raipur,https://collegedunia.com/college/14695-ritee-group-of-institutions-raipur
945,Rustamji Institute of Technology - [RJIT],Gwalior,https://collegedunia.com/college/14804-rustamji-institute-of-technology-rjit-gwalior
946,SRK Institute of Technology,Vijayawada,https://collegedunia.com/college/14850-srk-institute-of-technology-vijayawada
947,SS College of Engineering,Udaipur,https://collegedunia.com/college/14856-ss-college-of-engineering-udaipur
948,Shaheed Udham Singh Engineering College - [SUSEC],Mohali,https://collegedunia.com/college/14872-shaheed-udham-singh-engineering-college-susec-mohali
949,Santhiram Engineering College Nandyal - [SREC],Kurnool,https://collegedunia.com/college/14929-santhiram-engineering-college-nandyal-srec-kurnool
950,Shambhunath Institute of Engineering and Technology - [SIET],Allahabad,https://collegedunia.com/college/15011-shambhunath-institute-of-engineering-and-technology-siet-allahabad
951,Shri Shankaracharya Institute of Professional Management and Technology - [SSIPMT],Raipur,https://collegedunia.com/college/15108-shri-shankaracharya-institute-of-professional-management-and-technology-ssipmt-raipur
952,Siddhant College of Engineering - [SCOE] Sudumbare,Pune,https://collegedunia.com/college/15127-siddhant-college-of-engineering-scoe-sudumbare-pune
953,Sipna's College of Engineering and Technology,Amravati,https://collegedunia.com/college/15147-sipnas-college-of-engineering-and-technology-amravati
954,Skyline Institute of Engineering and Technology - [SIET],Greater Noida,https://collegedunia.com/college/15161-skyline-institute-of-engineering-and-technology-siet-greater-noida
955,Smt Kashibai Navale College of Engineering - [SKNCOE] Vadgaon,Pune,https://collegedunia.com/college/15162-smt-kashibai-navale-college-of-engineering-skncoe-vadgaon-pune
956,Smt. Indira Gandhi College of Engineering - [SIGCE],Navi Mumbai,https://collegedunia.com/college/15165-smt-indira-gandhi-college-of-engineering-sigce-navi-mumbai
957,SR University - [SRU],Warangal,https://collegedunia.com/university/15181-sr-university-sru-warangal
958,Sree Chaitanya College of Engineering - [SCCE],Karimnagar,https://collegedunia.com/college/15185-sree-chaitanya-college-of-engineering-scce-karimnagar
959,Sri Jagadguru Chandrashekaranatha Swamiji Institute of Technology - [SJCIT],Chickballapur,https://collegedunia.com/college/15218-sri-jagadguru-chandrashekaranatha-swamiji-institute-of-technology-sjcit-chickballapur
960,Sri Muthukumaran Institute of Technology - [SMIT],Chennai,https://collegedunia.com/college/15234-sri-muthukumaran-institute-of-technology-smit-chennai
961,Srinivasa Ramanujan Institute of Technology - [SRIT],Anantapur,https://collegedunia.com/college/15302-srinivasa-ramanujan-institute-of-technology-srit-anantapur
962,St. Joseph's College of Engineering and Technology - [SJCET] Palai,Kottayam,https://collegedunia.com/college/15314-st-josephs-college-of-engineering-and-technology-sjcet-palai-kottayam
963,T.J.S. Engineering College,Thiruvallur,https://collegedunia.com/college/15417-tjs-engineering-college-thiruvallur
964,SRM TRP Engineering College,Tiruchirappalli,https://collegedunia.com/college/15424-srm-trp-engineering-college-tiruchirappalli
965,Global Institute of Technology and Management - [GITM],Gurgaon,https://collegedunia.com/college/17693-global-institute-of-technology-and-management-gitm-gurgaon
966,United Institute of Technology - [UIT],Allahabad,https://collegedunia.com/college/19058-united-institute-of-technology-uit-allahabad
967,Chhatrapati Shivaji Institute of Technology - [CSIT],Durg,https://collegedunia.com/college/23926-chhatrapati-shivaji-institute-of-technology-csit-durg
968,Panipat Institute of Engineering & Technology - [PIET],Panipat,https://collegedunia.com/college/24341-panipat-institute-of-engineering-and-technology-piet-panipat
969,Sanskar Educational Group - [SEG],Ghaziabad,https://collegedunia.com/college/24483-sanskar-educational-group-seg-ghaziabad
970,Usha Rama College of Engineering and Technology - [URCE],Krishna,https://collegedunia.com/college/24559-usha-rama-college-of-engineering-and-technology-urce-krishna
971,Vidya Vikas Institute of Engineering and Technology - [VVIET],Mysore,https://collegedunia.com/college/24594-vidya-vikas-institute-of-engineering-and-technology-vviet-mysore
972,Indus International University - [IIU],Una,https://collegedunia.com/university/25560-indus-international-university-iiu-una
973,Yamuna Group Of Institutions - [YGI],Yamuna Nagar,https://collegedunia.com/college/28112-yamuna-group-of-institutions-ygi-yamuna-nagar
974,Amiraj College of Engineering and Technology- [ACET],Ahmedabad,https://collegedunia.com/college/28380-amiraj-college-of-engineering-and-technology-acet-ahmedabad
975,Annamacharya Institute of Technology and Sciences - [AITS],Tirupati,https://collegedunia.com/college/28390-annamacharya-institute-of-technology-and-sciences-aits-tirupati
976,Jai Narain College of Technology & Science - [JNCTS],Bhopal,https://collegedunia.com/college/28441-jai-narain-college-of-technology-and-science-jncts-bhopal
977,BVRIT Hyderabad College of Engineering for Women - [BVRITH],Hyderabad,https://collegedunia.com/college/28481-bvrit-hyderabad-college-of-engineering-for-women-bvrith-hyderabad
978,Jhulelal Institute of Technology - [JIT],Nagpur,https://collegedunia.com/college/28496-jhulelal-institute-of-technology-jit-nagpur
979,MIC College of Technology,Krishna,https://collegedunia.com/college/28576-mic-college-of-technology-krishna
980,Guru Nanak Institute of Technology - [GNIT],Kolkata,https://collegedunia.com/college/45144-guru-nanak-institute-of-technology-gnit-kolkata
981,KJ Institute of Engineering and Technology - [KJIT],Vadodara,https://collegedunia.com/college/45714-kj-institute-of-engineering-and-technology-kjit-vadodara
982,"Solamalai College of Engineering, Veerapanjan",Madurai,https://collegedunia.com/college/55643-solamalai-college-of-engineering-veerapanjan-madurai
983,V V College of Engineering,Tirunelveli,https://collegedunia.com/college/55688-v-v-college-of-engineering-tirunelveli
984,SRM University Vadapalani Campus,Chennai,https://collegedunia.com/university/56177-srm-university-vadapalani-campus-chennai
985,CMR Group of Institutions,Hyderabad,https://collegedunia.com/college/56924-cmr-group-of-institutions-hyderabad
986,Aryans Group of Colleges,Chandigarh,https://collegedunia.com/college/56965-aryans-group-of-colleges-chandigarh
987,Graphic Era Hill University Bhimtal Campus - [GEHU],Bhimtal,https://collegedunia.com/university/57212-graphic-era-hill-university-bhimtal-campus-gehu-bhimtal
988,Phonics Group of Institutions - [PGI],Roorkee,https://collegedunia.com/college/57435-phonics-group-of-institutions-pgi-roorkee
989,Vindhya Institute of Technology and Science - [VITS],Satna,https://collegedunia.com/college/57460-vindhya-institute-of-technology-and-science-vits-satna
990,K.K. Wagh Institute of Engineering Education & Research - [KKWIEER],Nashik,https://collegedunia.com/college/57504-kk-wagh-institute-of-engineering-education-and-research-kkwieer-nashik
991,Supreme Knowledge Foundation Group of Institutions - [SKFGI],Hooghly,https://collegedunia.com/college/58030-supreme-knowledge-foundation-group-of-institutions-skfgi-hooghly
992,Elitte College of Engineering - [ECE],Kolkata,https://collegedunia.com/college/58113-elitte-college-of-engineering-ece-kolkata
993,Siddhartha Institute of Technology and Sciences - [SITS],Hyderabad,https://collegedunia.com/college/58209-siddhartha-institute-of-technology-and-sciences-sits-hyderabad
994,Institute of Technology & Management - [ITM],Lucknow,https://collegedunia.com/college/58561-institute-of-technology-and-management-itm-lucknow
995,Mahendra Institute of Technology - [MIT],Namakkal,https://collegedunia.com/college/59515-mahendra-institute-of-technology-mit-namakkal
996,Shri Rawatpura Sarkar University - [SRU],Raipur,https://collegedunia.com/university/59905-shri-rawatpura-sarkar-university-sru-raipur
997,Jorhat Institute of Science and Technology - [JIST],Jorhat,https://collegedunia.com/college/13889-jorhat-institute-of-science-and-technology-jist-jorhat
998,Sri Shanmugha College of Engineering and Technology - [SSCET],Salem,https://collegedunia.com/college/15266-sri-shanmugha-college-of-engineering-and-technology-sscet-salem
999,KIIT College of Engineering,Gurgaon,https://collegedunia.com/college/13913-kiit-college-of-engineering-gurgaon
1000,Pune Vidyarthi Griha's College of Engineering & S.S. Dhamankar Institute of Management,Nashik,https://collegedunia.com/college/60343-pune-vidyarthi-grihas-college-of-engineering-and-ss-dhamankar-institute-of-management-nashik
